,Network,Density
0,TUC-2.4GHz,0.05
1,TUC-5GHz,0.06899051433252498
2,HOME-2.4GHz,0.5142434175804065
