columns,short_gi_true_percentage
all,67.03749484960856
non-interference,67.95252225519289
interference,35.294117647058826
